session,location,response_location,reaction_time
1,6,17,0.7325
1,15,0,0.5801
1,16,19,1.4745
1,0,0,0.6486
1,0,0,0.3726
1,0,15,0.6425
1,9,9,0.9374
1,0,0,0.6441
1,2,0,1.548
1,14,0,0.4256
1,17,17,0.8915
1,4,4,0.8878
1,0,19,1.5333
1,0,0,0.4868
1,0,0,0.6018
1,18,18,0.9159
1,0,0,0.4797
1,0,0,0.4019
1,0,0,0.5394
1,0,0,0.6422
1,15,15,0.6048
1,0,0,0.5392
1,11,0,0.3843
1,0,0,0.3347
1,16,16,0.7465
1,0,0,0.2806
1,1,1,0.2065
1,0,0,0.6262
1,0,0,0.6202
1,15,15,0.3963
1,0,0,0.3648
1,0,0,0.3401
1,16,16,0.6975
1,0,0,0.3284
1,0,0,0.4821
1,2,2,0.5739
1,5,0,0.3247
1,0,0,0.3665
1,0,0,0.3543
1,11,11,0.436
1,1,1,0.4793
1,12,12,0.7245
1,0,0,0.8826
1,0,0,0.9205
1,0,0,0.6593
1,12,12,0.715
1,6,0,0.4187
1,6,0,0.3381
1,16,16,0.9835
1,0,0,0.3557
1,0,0,0.5165
1,6,0,0.416
1,15,15,0.622
1,15,15,0.4885
1,0,0,0.3705
1,11,11,0.5962
1,11,0,0.555
1,6,0,0.3523
1,0,0,0.4526
1,17,0,0.4903
1,0,0,0.3325
1,3,0,0.5207
1,3,0,0.532
1,14,14,0.6451
1,2,0,0.4554
1,0,17,0.8038
1,0,0,0.4684
1,0,0,0.4222
1,5,9,0.86
1,3,3,0.6936
1,0,0,0.5083
1,15,0,0.4519
1,0,19,0.8499
1,0,0,0.5436
1,0,0,0.5121
1,8,0,0.407
1,0,0,0.8196
1,12,3,0.853
1,0,17,0.6973
1,6,0,0.3906
1,0,0,0.424
1,0,0,0.546
1,0,0,0.5002
1,12,0,0.4755
1,13,13,0.8954
1,10,10,0.5528
1,0,0,0.3959
1,0,0,0.34
1,0,0,0.4742
1,6,0,0.4424
1,1,0,0.3541
1,16,16,0.8505
1,9,9,0.6631
1,12,18,0.8245
1,0,0,0.9077
1,16,0,0.5521
1,5,19,0.9496
1,15,15,0.4862
1,0,0,0.3825
1,0,0,0.3842
1,3,3,0.7602
1,12,0,0.3524
1,14,14,0.6508
1,0,0,0.2966
1,1,0,0.622
1,5,0,0.6528
1,0,0,0.5029
1,0,0,0.3218
1,0,0,0.3678
1,4,4,1.0339
1,5,0,0.6883
1,14,0,0.4281
1,0,19,1.3016
1,14,14,0.5363
1,0,0,0.3526
1,0,0,0.4721
1,0,0,0.3878
1,1,1,0.2643
1,0,0,0.3818
1,16,16,0.6763
1,19,19,0.7642
1,10,10,0.7605
1,0,0,0.3519
1,18,0,0.5008
1,0,0,0.4159
1,0,16,0.8545
1,0,0,0.3285
1,0,0,0.3104
1,0,0,0.76
1,5,0,0.3224
1,7,0,0.3464
1,0,0,0.3611
1,5,0,0.3541
1,9,9,0.5557
1,0,0,0.8599
1,0,0,0.426
1,16,16,0.6964
1,0,0,0.4025
1,13,13,0.742
1,0,0,0.3769
1,11,11,0.5298
1,16,0,0.537
1,0,0,0.372
1,16,0,0.5559
1,0,19,1.804
1,2,2,0.4581
1,0,4,0.8648
1,0,0,0.5622
1,3,3,0.5884
1,12,12,0.521
1,7,0,0.5178
1,0,0,0.4981
1,0,0,0.3666
1,13,13,0.712
1,7,0,0.4789
1,8,0,0.424
1,7,0,0.4726
1,0,0,0.3307
1,0,0,0.4928
1,0,0,0.404
1,0,10,1.0243
1,0,6,1.0241
1,0,0,0.478
1,5,5,0.764
1,0,0,0.5199
1,0,0,1.6567
1,16,0,0.8301
1,0,0,0.4658
1,14,14,0.5446
1,19,19,0.5799
1,9,9,0.465
1,0,0,0.3667
1,12,0,0.7105
1,0,14,0.7302
1,0,0,1.0695
1,0,0,0.8465
1,0,18,0.7488
1,0,0,0.4386
1,0,0,0.3765
1,0,0,0.3747
1,8,0,0.3861
1,17,1,0.5141
1,0,0,0.3838
1,0,0,0.496
1,14,14,1.0445
1,0,0,0.6931
1,17,0,0.5406
1,0,0,0.4962
1,9,9,0.6253
1,2,2,0.496
1,5,0,0.3641
1,0,14,0.7752
1,0,0,0.3341
1,8,0,0.4842
1,0,0,0.3037
1,0,0,0.3637
1,7,0,0.3362
1,14,14,0.5635
1,16,0,0.4368
1,0,1,0.5279
1,19,19,0.7065
1,3,0,0.37
1,12,5,0.7083
1,18,19,0.6022
1,0,0,0.8957
1,8,0,0.7355
1,17,0,0.4808
1,1,1,0.5054
1,0,0,0.4418
1,7,9,0.9341
1,12,0,0.447
1,0,0,0.5799
1,11,11,0.3902
1,0,1,0.9517
1,15,15,0.6045
1,8,0,0.4761
1,0,0,0.4741
1,4,4,0.7822
1,10,10,0.481
1,13,0,0.596
1,0,0,0.6497
1,19,19,0.7
1,16,16,0.7159
1,0,0,0.4865
1,0,0,0.4118
1,0,0,0.4565
1,0,0,0.3419
1,6,0,0.3279
1,0,0,0.3461
1,0,0,0.4861
1,19,0,0.3061
1,0,11,0.5348
1,14,14,0.5618
1,1,0,0.5083
1,0,0,0.4917
1,19,0,0.3564
1,10,10,0.594
1,6,6,0.7399
1,0,17,0.562
1,15,15,0.6077
1,0,0,1.6495
1,0,0,0.492
1,2,2,0.55
1,0,0,0.3724
1,0,0,0.3802
1,9,15,0.8542
1,3,3,0.7359
1,0,11,0.6938
1,0,0,0.6258
1,12,0,0.4425
1,14,14,0.7418
1,8,0,0.6184
1,0,0,0.4089
1,0,0,0.4683
1,0,0,0.5981
1,5,15,0.536
1,12,0,0.4086
1,0,0,0.4921
1,0,0,0.382
1,0,0,0.6763
1,7,0,0.5919
1,8,0,0.3798
1,0,13,1.1056
1,0,0,0.7205
1,3,0,0.5038
1,0,0,0.4545
1,6,0,0.488
1,0,8,0.7344
1,0,9,0.6006
1,0,0,0.4201
1,3,0,0.4001
1,0,0,0.4081
1,2,2,0.486
1,2,2,0.6043
1,0,0,0.3085
1,0,0,0.3601
1,13,13,0.6125
1,11,11,0.4879
1,0,0,0.3021
1,15,15,0.4716
1,9,0,0.5498
1,10,0,0.501
1,0,0,0.5323
1,5,4,0.6836
1,17,0,0.3181
1,0,0,0.2903
1,0,0,0.5757
1,15,15,0.5217
1,3,3,0.7741
1,0,0,0.582
1,17,0,0.3821
1,5,6,0.9044
1,15,15,0.3483
1,0,0,0.346
1,0,0,0.511
1,7,0,0.3945
1,0,0,0.5077
1,0,0,0.3845
1,0,0,0.3564
1,0,0,0.2809
1,0,0,0.5364
1,0,15,0.8553
1,0,0,0.3831
1,0,0,0.4722
1,0,0,0.3961
1,0,0,0.378
1,0,0,0.4542
1,3,3,0.5146
1,0,0,0.3865
1,19,0,0.3444
1,0,0,0.4194
1,7,0,0.3984
1,10,0,0.4146
1,0,0,0.3785
1,0,0,0.3718
1,2,0,0.366
1,4,0,0.3605
1,0,0,0.3968
1,0,0,0.3161
1,0,0,0.5469
1,0,0,0.5003
1,8,8,0.684
1,0,0,0.7798
1,3,3,0.8156
1,0,0,0.3661
1,15,15,0.48
1,6,6,0.8322
1,0,9,0.5282
1,5,5,0.6256
1,0,0,0.3361
1,6,9,0.5064
1,11,11,0.3619
1,16,0,0.6722
1,0,5,0.4962
1,0,0,0.5043
1,1,1,0.2923
1,0,0,0.6022
1,0,0,0.4241
1,0,0,0.6559
1,0,10,0.6098
1,0,2,0.7439
1,16,0,0.338
1,0,0,0.3841
1,0,0,0.742
1,0,0,0.4328
1,0,0,0.3545
1,0,0,0.3622
1,3,0,0.7336
1,15,15,0.5105
1,0,0,0.3663
1,0,17,0.8417
1,16,0,0.4886
1,0,0,0.6782
1,0,0,0.464
1,1,1,0.2939
1,19,0,0.4386
1,0,0,0.5062
1,0,0,0.4341
1,8,8,0.6708
1,0,10,0.626
1,0,0,0.3366
1,19,19,1.3096
1,0,0,0.331
1,3,0,0.4344
1,11,11,0.5525
1,18,0,0.4807
1,0,0,0.3529
1,0,0,0.4016
1,0,0,0.3363
1,0,0,0.4399
1,0,0,0.8062
1,0,0,0.4823
1,16,16,0.6186
1,0,0,0.3385
1,0,0,0.4183
1,10,0,0.5943
1,16,16,0.8444
1,7,0,0.3726
1,1,1,0.5082
1,0,17,1.0179
1,0,0,0.4043
1,18,0,0.3463
1,13,13,0.7101
1,14,0,0.488
1,2,2,0.587
1,0,0,0.4343
1,13,13,0.7086
1,0,0,0.352
1,0,0,0.5959
1,13,13,0.5484
1,3,0,0.3998
1,0,0,0.3919
1,18,18,0.6638
1,0,0,0.4845
1,2,2,0.6845
1,13,13,0.6022
1,16,0,0.3507
1,0,0,0.5367
1,0,0,0.4561
1,1,0,0.4022
1,2,0,1.9939
1,12,12,0.5901
1,0,9,0.8451
1,0,11,0.8285
1,7,0,0.9485
1,5,5,0.5505
1,0,0,0.3599
1,5,5,0.5949
1,15,15,0.4182
1,1,1,0.3161
1,0,0,0.4159
1,13,13,0.7721
1,0,0,0.3806
1,0,0,0.5237
1,0,0,0.3527
1,10,10,0.4445
1,18,0,0.397
1,17,17,0.7602
1,1,0,0.3884
1,0,0,0.3918
1,3,0,0.3676
1,4,4,0.5956
1,16,0,0.4923
1,4,4,0.5265
1,18,0,0.5238
1,0,0,0.3641
1,19,0,0.3364
1,0,0,0.8718
1,13,13,0.8936
1,15,15,0.4081
1,3,0,0.3499
1,14,14,0.7024
1,0,0,0.4738
1,16,0,0.6462
1,0,0,0.3343
1,0,0,0.3048
1,11,11,0.6323
1,0,0,0.3047
1,0,0,0.4752
1,0,11,0.6865
1,17,17,0.6381
1,4,0,0.399
1,0,0,0.3425
1,2,2,0.5257
1,0,0,0.3302
1,0,0,0.3959
1,0,0,0.4958
1,5,5,0.6996
1,15,15,0.4667
1,19,19,0.6956
1,0,0,0.3757
1,0,0,0.4885
1,1,1,0.4724
1,0,0,0.3389
1,0,0,0.3746
1,0,0,0.4537
1,4,0,0.4139
1,6,19,1.0673
1,0,0,0.5643
1,0,14,0.7779
1,11,11,0.8145
1,0,0,0.8435
1,0,0,0.3224
1,4,14,0.8459
1,18,13,0.5864
1,3,0,0.3527
1,0,0,0.2841
1,19,0,0.2938
1,0,0,0.4042
1,0,0,0.309
1,1,19,0.7744
1,10,0,0.8595
1,8,0,0.3723
1,12,19,0.7119
1,19,0,0.7579
1,0,0,0.6022
1,10,10,0.6523
1,0,0,0.3903
1,0,0,0.4197
1,7,0,0.3032
1,0,0,0.5266
1,18,0,0.3764
1,0,11,0.818
1,0,9,0.5502
1,18,0,0.4426
1,0,0,0.532
1,2,2,0.5384
1,0,0,0.5204
1,17,0,0.4441
1,16,15,0.6484
1,1,1,0.327
1,5,0,0.6303
1,0,0,0.5257
1,0,0,0.4106
1,16,0,0.2999
1,0,1,0.2823
1,0,0,0.4238
1,11,11,0.7332
1,0,0,0.4062
1,12,0,0.6337
1,0,10,0.8702
1,10,0,0.9538
1,0,0,0.8224
1,0,0,0.3751
1,0,0,0.352
1,14,14,0.696
1,13,13,0.755
1,15,15,0.5019
1,3,0,0.2702
1,0,0,0.3436
1,5,14,0.8126
1,0,0,0.3979
1,0,0,0.364
1,1,1,0.3243
1,3,0,0.499
1,14,14,0.5606
1,0,0,0.3664
1,0,1,0.5278
1,9,0,1.1073
1,0,0,0.4542
1,0,0,0.418
1,0,15,0.7102
1,0,0,0.3403
1,0,0,0.4238
1,0,0,0.4164
1,0,0,0.632
1,1,1,0.7062
1,5,14,0.802
1,0,0,0.302
1,8,0,0.8451
1,19,19,0.9807
1,0,0,0.2865
1,6,18,0.9343
1,0,0,0.419
1,4,4,0.6169
1,0,13,0.6141
1,0,0,0.5526
1,0,9,0.6482
1,14,14,0.6281
1,0,0,0.486
1,0,0,0.7383
1,7,0,0.3401
1,0,0,0.3942
1,15,0,0.4059
1,3,3,0.6998
1,15,15,0.6095
1,2,2,0.6256
1,0,0,0.4562
1,5,0,0.3481
1,6,0,0.4744
1,0,0,0.3245
1,0,0,0.2805
1,12,0,0.3001
1,0,0,0.2827
1,0,0,0.4318
1,0,6,0.912
1,19,19,0.653
1,0,0,0.4401
1,16,0,0.4365
1,0,0,0.556
1,13,0,0.4466
1,0,0,0.3981
1,5,5,0.7168
1,0,0,0.8558
1,2,2,0.6562
1,14,0,0.5498
1,10,0,0.4185
1,0,1,0.5609
1,12,0,0.5764
1,17,0,0.4452
1,5,5,0.8176
1,14,0,0.6425
1,17,0,0.4401
1,1,1,0.2603
1,17,17,0.8158
1,12,12,0.7483
1,0,1,0.4462
1,4,4,0.6058
1,0,0,0.3162
1,0,18,0.8426
1,0,0,0.6798
1,7,0,0.4771
1,0,0,1.0249
1,19,0,0.5758
1,3,3,0.6964
1,0,0,0.421
1,0,0,0.3082
1,5,5,1.2706
1,17,0,1.218
1,0,0,0.3037
1,13,0,0.9782
1,9,9,0.6632
1,0,0,0.3782
1,0,0,0.37
1,4,4,0.7742
1,6,0,0.3678
1,12,1,1.0741
1,0,0,0.6219
1,0,0,1.1126
1,0,0,0.5465
1,8,0,0.4569
1,0,0,0.366
1,0,0,0.8726
1,15,15,0.5376
1,13,13,0.4866
1,17,17,0.5839
1,11,0,0.7456
1,0,0,0.5541
1,4,4,0.8919
1,0,0,0.3548
1,4,14,0.8596
1,10,10,0.6043
1,19,19,0.6839
1,18,0,0.4169
1,14,14,0.5904
1,17,0,0.4482
1,7,0,0.3461
1,0,0,0.2684
1,13,13,0.6901
1,0,0,0.359
1,6,0,0.3383
1,16,0,0.3086
1,6,0,0.3036
1,0,0,0.3052
1,0,0,0.2944
1,0,0,0.4104
1,0,0,0.3863
1,0,0,0.2906
1,0,0,0.5583
1,0,12,0.8036
1,10,10,0.7655
1,0,2,0.5147
1,0,0,0.299
1,8,0,0.2795
1,0,0,0.4742
1,0,0,0.3685
1,5,0,0.5181
1,15,0,0.2902
1,0,0,0.294
1,0,0,0.3198
1,0,4,0.7105
1,0,0,0.3603
1,0,0,0.3958
1,7,7,0.844
1,0,0,0.4485
1,17,0,0.4756
1,0,17,0.9741
1,7,0,0.7363
1,0,0,0.4268
1,5,5,1.0421
1,12,12,0.7272
1,0,0,0.8642
1,0,0,0.6538
1,9,0,0.5236
1,0,0,0.4745
1,10,10,0.4486
1,0,0,0.374
1,9,9,0.5849
1,0,0,0.7265
1,6,0,0.58
1,2,2,0.493
1,1,1,0.3006
1,0,0,0.4541
1,3,3,0.8517
1,8,0,0.3108
1,9,0,0.5726
1,17,13,0.6263
1,11,11,0.4245
1,6,2,0.4943
1,0,0,0.36
1,19,9,0.7962
1,6,0,0.3825
1,0,11,0.4791
1,0,0,0.5126
1,0,0,0.614
1,19,0,1.282
1,0,0,0.3843
1,3,0,0.3677
1,5,5,0.8235
1,15,15,0.4679
1,0,0,0.5657
1,15,15,0.6283
1,13,13,0.664
1,0,14,0.6762
1,11,0,0.29
1,0,0,0.2737
1,0,13,0.5404
1,0,0,0.4001
1,0,0,0.3281
1,4,0,0.3769
1,15,15,0.4936
1,11,11,0.7485
1,13,13,0.5014
1,10,0,0.4924
1,4,4,0.6838
1,19,0,0.4415
1,17,0,0.3106
1,0,0,0.3361
1,14,14,0.723
1,0,0,0.4564
1,0,0,0.41
1,0,0,0.3043
1,0,0,0.278
1,0,0,0.3557
1,12,0,0.2801
1,0,17,0.7171
1,10,0,0.6164
1,0,0,0.4376
1,17,17,0.7402
1,0,0,0.3402
1,0,0,0.4044
1,0,0,0.3357
1,1,1,0.6246
1,4,0,0.3506
1,0,0,0.3684
1,0,0,0.6507
1,0,7,0.8904
1,18,0,0.3108
1,13,13,0.8902
1,10,10,0.6288
1,0,0,0.4517
1,0,0,0.4299
1,9,9,0.4541
1,19,0,0.3908
1,0,0,0.4284
1,5,0,0.5934
1,17,0,0.3323
1,12,0,0.7781
1,0,0,0.4768
1,0,0,0.5694
1,0,0,0.5045
1,0,0,0.4024
1,0,10,1.0523
1,9,9,0.462
1,4,4,1.2057
1,17,17,0.5557
1,5,0,0.3625
1,0,12,0.6546
1,0,0,0.9463
1,0,0,0.3508
1,7,15,0.9646
1,12,0,0.4608
1,5,0,0.4287
1,3,9,0.588
1,15,15,0.3029
1,1,1,0.3402
1,0,0,0.8921
1,0,0,0.5198
1,0,0,0.4081
1,0,0,0.5838
1,16,16,0.7258
1,15,9,0.7105
1,9,9,0.6424
1,19,19,0.6714
1,0,0,0.324
1,14,0,0.2845
1,17,0,0.6704
1,0,14,0.7926
1,17,0,0.3028
1,0,0,0.3619
1,0,0,0.5728
1,15,0,0.4525
1,0,0,0.56
1,0,0,0.5541
1,0,0,0.4875
1,0,0,0.3343
1,6,0,0.5265
1,17,17,0.7423
1,0,0,0.4244
1,0,18,1.0754
1,1,1,0.7064
1,13,13,0.7062
1,0,0,0.3581
1,2,2,0.779
1,0,0,0.6667
1,0,0,0.5044
1,0,0,0.8922
1,0,18,1.2397
1,0,4,0.8664
1,2,0,1.3024
1,6,0,0.6144
1,0,0,0.5191
1,0,0,0.3425
1,18,18,0.5561
1,0,4,0.9227
1,0,0,0.3279
1,6,0,0.379
1,0,3,0.5819
1,16,16,0.602
1,12,0,0.2908
1,0,0,0.5001
1,0,0,0.29
1,0,0,0.277
1,8,0,0.2943
1,0,0,0.3341
1,0,0,0.2986
1,0,0,0.671
1,16,0,0.4959
1,0,0,0.3579
1,0,0,0.3737
2,11,0,1.6786
2,0,0,0.7851
2,0,0,2.1859
2,0,3,1.4593
2,0,0,0.8515
2,0,0,0.6716
2,0,0,0.7468
2,0,17,1.2708
2,0,0,0.8663
2,0,0,0.6595
2,9,0,1.1372
2,18,0,1.026
2,0,0,0.7564
2,0,0,0.98
2,18,13,1.7236
2,15,15,0.5407
2,11,11,0.6862
2,6,0,1.022
2,0,0,0.6442
2,0,0,0.5366
2,0,0,0.5332
2,0,0,0.3206
2,1,1,0.5385
2,0,0,0.2797
2,12,0,0.4208
2,7,0,0.5119
2,0,0,0.5425
2,0,0,0.5618
2,0,0,0.5546
2,0,0,0.5082
2,0,0,0.4782
2,0,0,0.5245
2,0,0,0.3363
2,0,0,0.5475
2,0,0,0.5506
2,8,0,0.5956
2,4,0,0.3879
2,4,11,0.8779
2,6,0,0.5344
2,0,0,0.5446
2,0,0,0.3835
2,16,0,0.5268
2,1,1,0.4844
2,0,0,0.2921
2,18,0,0.3287
2,18,0,0.352
2,0,0,0.3929
2,0,0,0.7264
2,19,0,0.269
2,0,0,0.2989
2,0,0,0.3364
2,14,14,0.6764
2,10,10,0.4881
2,4,4,0.5544
2,0,0,0.3891
2,0,0,0.378
2,0,0,0.3547
2,0,0,0.4042
2,2,2,0.8276
2,8,0,0.5206
2,0,10,1.0214
2,0,0,0.3145
2,0,0,0.2782
2,13,0,0.3482
2,0,0,0.533
2,0,0,0.302
2,10,0,0.3355
2,1,1,0.4012
2,12,0,0.5203
2,2,2,0.4629
2,0,0,0.342
2,0,0,0.6475
2,0,0,0.3
2,6,0,0.3644
2,11,11,0.4978
2,0,0,0.6125
2,0,0,0.3914
2,3,3,0.6487
2,1,1,0.4675
2,0,0,0.3387
2,0,4,1.0963
2,0,13,0.8188
2,0,10,0.6239
2,11,11,0.5456
2,0,0,0.7092
2,18,0,0.5242
2,0,0,1.3633
2,4,4,1.0406
2,0,19,0.7177
2,0,0,1.1113
2,0,0,0.6323
2,6,8,0.6264
2,0,17,0.6025
2,0,0,0.6696
2,18,0,0.5541
2,19,10,0.9287
2,0,0,0.4804
2,5,0,0.6063
2,2,0,0.5203
2,0,0,0.6524
2,0,0,0.3787
2,0,0,0.494
2,5,14,0.7195
2,0,0,0.5594
2,10,10,0.82
2,12,12,0.7947
2,1,1,0.5135
2,13,14,0.7711
2,10,10,0.618
2,14,14,0.3888
2,0,0,0.5362
2,18,18,0.9685
2,0,0,0.464
2,15,15,0.4214
2,0,0,0.3381
2,0,11,0.6161
2,0,14,0.9679
2,0,0,0.3883
2,7,0,0.4766
2,18,0,0.4499
2,0,0,0.3788
2,0,0,0.304
2,13,0,0.4004
2,0,0,0.462
2,0,0,0.338
2,17,17,0.5962
2,0,0,0.3049
2,3,0,0.3922
2,5,0,0.3321
2,0,0,0.4985
2,1,1,0.4889
2,0,0,0.4777
2,0,0,0.5145
2,0,0,0.3639
2,19,0,0.4517
2,18,0,0.6133
2,15,15,0.4302
2,13,0,0.4581
2,12,0,0.48
2,0,0,0.3685
2,0,0,0.5654
2,0,0,0.5336
2,11,11,0.5276
2,7,0,0.6514
2,0,0,0.2335
2,0,0,0.3522
2,9,0,0.3556
2,16,0,0.6259
2,0,0,0.3319
2,17,17,0.8242
2,0,0,0.4405
2,12,0,0.4801
2,0,0,0.4282
2,11,11,1.0197
2,6,0,0.3538
2,12,0,0.3458
2,0,0,0.558
2,12,0,0.5458
2,0,0,0.3901
2,0,0,0.3842
2,3,14,0.8662
2,14,14,0.5648
2,0,0,0.4852
2,13,0,1.9307
2,14,14,0.5283
2,5,0,0.5738
2,6,0,0.8801
2,0,0,0.5052
2,0,9,0.8217
2,0,0,0.5259
2,0,0,0.7389
2,0,0,0.0
2,0,0,0.4262
2,13,13,0.7288
2,0,0,0.8605
2,0,0,0.5064
2,0,0,0.8423
2,0,0,0.4265
2,17,6,0.6343
2,16,0,0.4851
2,1,1,0.5246
2,15,0,1.2221
2,0,0,0.4439
2,0,14,1.2476
2,13,0,0.4108
2,0,0,0.3418
2,5,0,0.2943
2,0,0,0.3786
2,1,1,0.5938
2,2,2,0.5675
2,0,0,0.3307
2,19,0,0.2981
2,0,0,0.3402
2,0,0,0.3243
2,14,14,0.5956
2,2,0,0.5282
2,0,0,0.2728
2,8,0,0.3031
2,0,0,0.4418
2,0,0,2.3331
2,7,0,0.6542
2,5,0,0.5645
2,0,0,1.0285
2,0,0,0.3663
2,0,0,0.3943
2,0,0,0.4721
2,0,18,0.9201
2,10,10,0.9143
2,0,0,0.3864
2,4,4,0.918
2,10,10,0.5831
2,0,0,0.3384
2,1,1,0.3791
2,16,0,0.4267
2,19,19,0.6769
2,0,14,0.5926
2,14,14,0.4289
2,0,0,0.5316
2,7,0,0.4843
2,0,0,0.3581
2,13,13,0.5842
2,3,0,0.4765
2,0,0,0.3145
2,0,0,0.2921
2,0,0,0.3024
2,0,0,0.3804
2,10,10,0.659
2,0,0,0.4866
2,18,18,0.8
2,0,0,0.3425
2,0,3,0.7498
2,18,18,0.8696
2,0,0,0.4474
2,9,9,0.7737
2,9,0,0.3456
2,2,2,0.5098
2,0,0,0.2808
2,4,4,0.5764
2,0,0,0.3943
2,12,0,0.3217
2,8,0,0.4941
2,15,15,0.4923
2,3,0,0.606
2,7,0,0.3565
2,0,0,0.5888
2,0,0,0.4128
2,0,0,0.3564
2,0,0,0.504
2,6,6,0.8414
2,18,0,0.402
2,12,11,1.3126
2,1,1,0.579
2,7,7,0.782
2,2,2,0.6826
2,0,15,1.0537
2,0,14,1.2556
2,17,17,0.8807
2,15,0,0.5421
2,9,9,0.449
2,0,0,0.4805
2,0,0,0.6328
2,0,0,0.3088
2,0,0,0.3566
2,0,0,0.3562
2,0,0,0.4277
2,18,0,0.7255
2,0,0,0.394
2,11,0,0.4586
2,14,14,0.4259
2,16,16,0.7743
2,12,0,0.4004
2,0,0,0.3463
2,0,0,0.3469
2,0,0,0.2662
2,6,0,0.2889
2,0,7,1.048
2,0,0,0.7105
2,15,0,0.4045
2,0,0,0.33
2,18,0,0.3027
2,10,19,0.7721
2,3,0,0.4004
2,18,0,0.3982
2,0,14,0.739
2,6,0,0.4968
2,14,14,0.4536
2,0,0,0.5561
2,17,17,0.8146
2,0,0,0.5553
2,0,10,0.5963
2,0,0,0.4569
2,18,18,0.6207
2,12,12,0.5162
2,6,0,0.3784
2,0,0,0.5353
2,0,0,0.5698
2,0,0,0.5306
2,0,0,0.2942
2,0,0,0.4448
2,1,1,0.5125
2,0,0,0.3043
2,14,0,0.4222
2,0,0,0.516
2,0,0,0.6482
2,0,0,0.3019
2,0,0,0.5196
2,0,0,0.3461
2,0,0,0.3548
2,0,0,0.6478
2,0,0,0.344
2,13,13,1.0964
2,0,0,0.3604
2,0,0,0.3624
2,0,0,0.2904
2,10,10,0.5322
2,0,0,0.2703
2,15,15,0.526
2,14,14,0.5803
2,2,2,0.4074
2,13,0,0.4499
2,0,0,0.4183
2,5,0,0.3907
2,7,0,0.3722
2,0,0,0.4425
2,0,0,0.5202
2,0,0,0.3801
2,14,14,0.9971
2,0,0,0.4605
2,11,11,0.6921
2,0,19,1.2424
2,0,0,0.4246
2,7,0,0.3644
2,16,16,0.724
2,17,0,1.6612
2,3,13,0.8762
2,10,10,0.5526
2,18,0,0.6808
2,0,0,1.4591
2,18,18,0.7368
2,13,13,1.1395
2,0,0,0.3582
2,3,0,0.4699
2,0,0,0.4736
2,3,0,0.5603
2,0,0,0.2921
2,0,0,0.2662
2,0,0,0.3324
2,14,14,0.6344
2,0,0,0.3224
2,0,0,1.0631
2,15,0,0.3128
2,4,4,0.7389
2,7,0,0.3001
2,0,0,0.4037
2,11,11,0.5743
2,11,11,0.5964
2,0,0,0.3243
2,0,0,0.4848
2,0,0,0.4166
2,18,0,0.2603
2,0,0,0.3222
2,9,0,0.2885
2,0,0,0.2942
2,7,0,0.2745
2,0,0,0.4282
2,15,0,0.3157
2,0,0,0.4964
2,0,0,0.2922
2,0,0,0.3642
2,0,0,0.2565
2,0,0,0.2985
2,0,0,0.3491
2,13,0,0.5227
2,18,18,0.7867
2,0,0,0.3483
2,0,0,0.5842
2,16,14,0.942
2,0,0,0.3484
2,0,0,0.5664
2,15,0,0.3426
2,15,0,0.3422
2,14,14,0.6719
2,15,0,0.4939
2,1,1,0.4502
2,15,15,0.4579
2,18,0,0.5845
2,0,0,0.4022
2,4,0,0.4423
2,0,0,0.4285
2,0,0,0.3921
2,0,0,0.2767
2,0,0,0.3064
2,0,0,0.462
2,0,0,0.4419
2,0,0,0.2515
2,0,0,0.5727
2,13,6,1.4379
2,12,12,0.6417
2,0,0,0.3499
2,0,0,0.5688
2,2,2,0.4847
2,18,0,0.6397
2,0,0,0.4662
2,19,14,0.8643
2,0,0,0.5006
2,0,0,0.7218
2,0,0,0.4707
2,15,15,0.6842
2,1,1,0.4484
2,5,0,0.7846
2,0,0,0.8641
2,16,0,0.4318
2,0,0,0.4865
2,0,0,0.6374
2,0,0,0.5245
2,0,0,0.9895
2,10,10,0.6225
2,6,0,0.3591
2,14,14,0.5679
2,9,0,0.3281
2,5,0,0.2768
2,9,0,0.5365
2,0,0,0.3484
2,0,0,0.3146
2,0,0,0.3137
2,6,0,0.4284
2,11,0,0.2938
2,0,0,0.2966
2,5,0,0.2658
2,1,1,0.472
2,0,0,0.2902
2,0,0,0.2963
2,13,13,0.8634
2,0,0,0.2566
2,11,11,0.5895
2,14,14,0.451
2,15,15,0.5407
2,0,0,0.4264
2,0,0,0.3041
2,0,0,0.3028
2,11,11,0.4866
2,0,0,0.3272
2,0,0,0.3202
2,7,1,0.6963
2,0,0,0.5123
2,0,0,0.5917
2,1,1,0.4684
2,3,0,0.4465
2,18,18,0.5845
2,0,0,0.5365
2,0,0,0.5081
2,7,0,0.4161
2,12,9,0.6118
2,19,19,0.6831
2,0,0,0.2945
2,2,0,0.3487
2,4,0,0.5201
2,17,10,0.6217
2,0,0,0.4365
2,0,0,0.2817
2,0,0,0.3243
2,0,0,0.3723
2,0,0,0.3835
2,14,0,0.4377
2,0,1,0.6858
2,11,0,0.8437
2,0,0,0.3455
2,0,0,0.3697
2,7,0,0.4343
2,0,0,0.3253
2,0,0,0.3505
2,9,9,0.6083
2,15,15,0.4337
2,12,0,0.2963
2,0,0,0.3
2,4,0,0.6739
2,0,0,0.3931
2,0,0,0.4816
2,0,0,0.3917
2,0,0,0.3706
2,9,9,0.5326
2,17,0,0.2986
2,0,0,0.3962
2,15,15,0.4877
2,0,0,0.339
2,13,13,0.6084
2,6,0,0.5164
2,0,0,0.5107
2,4,11,0.878
2,0,0,0.5201
2,18,0,0.5688
2,6,0,0.8966
2,8,0,0.6759
2,0,12,0.7543
2,1,1,0.4865
2,0,0,0.516
2,0,0,1.1218
2,14,14,0.6437
2,8,8,0.8954
2,1,1,0.4881
2,0,0,0.4103
2,17,0,0.3405
2,9,0,0.3177
2,4,0,0.2809
2,0,0,0.3601
2,0,0,0.2684
2,0,0,0.4467
2,5,0,0.28
2,11,11,0.6403
2,0,0,0.5341
2,0,14,0.7902
2,12,12,0.5866
2,0,0,0.299
2,0,0,0.2518
2,0,18,0.6882
2,0,0,0.4823
2,1,1,0.5203
2,11,11,0.5448
2,12,0,0.8063
2,18,18,0.5823
2,0,0,0.3629
2,18,0,0.2703
2,19,0,0.3407
2,0,1,0.6198
2,13,0,0.6739
2,1,0,0.3557
2,1,1,0.4859
2,0,7,0.9045
2,0,10,0.5604
2,0,0,0.3743
2,0,0,0.5032
2,4,4,0.5822
2,0,0,0.7013
2,8,0,0.324
2,3,3,0.7388
2,0,0,0.3344
2,0,0,0.2926
2,1,1,0.7498
2,6,0,0.4619
2,0,0,0.4417
2,0,0,0.4576
2,0,0,0.4136
2,8,0,0.3842
2,0,1,0.8062
2,12,0,0.3342
2,0,0,0.3422
2,10,10,0.454
2,3,3,0.8238
2,1,1,0.4458
2,0,0,0.6375
2,0,19,0.6736
2,13,13,0.6459
2,0,9,0.6981
2,11,0,0.5978
2,19,19,0.7083
2,7,0,0.5537
2,0,0,0.4825
2,0,0,0.4916
2,0,0,0.3578
2,14,14,0.5997
2,1,1,0.594
2,13,0,0.5148
2,18,0,0.756
2,0,0,0.362
2,19,14,0.7183
2,0,0,0.3199
2,4,0,0.3019
2,0,0,0.4927
2,18,1,0.5486
2,9,0,0.3807
2,0,0,0.4966
2,3,0,0.523
2,8,8,0.6727
2,0,11,0.8563
2,0,0,0.4664
2,14,14,0.5052
2,5,0,0.3661
2,19,0,0.4562
2,7,0,0.4319
2,0,13,0.6436
2,0,0,0.4561
2,0,0,0.3327
2,2,2,0.4916
2,0,0,0.4384
2,17,0,0.3679
2,14,14,0.5265
2,0,0,0.2702
2,0,0,0.3139
2,0,0,0.2688
2,0,0,0.2521
2,0,0,0.256
2,15,0,0.3119
2,10,10,0.5964
2,0,0,0.3002
2,0,18,0.7563
2,0,0,0.3176
2,15,0,0.3221
2,0,0,0.288
2,7,0,0.2952
2,7,0,0.5383
2,9,0,0.3723
2,0,0,0.33
2,0,0,0.5082
2,0,0,0.3144
2,0,0,0.555
2,19,0,0.4108
2,10,10,0.7424
2,0,0,0.4999
2,0,0,0.3497
2,0,0,0.3138
2,0,0,0.4763
2,0,0,0.3024
2,0,0,0.2859
2,0,0,0.3091
2,18,0,0.3704
2,0,0,0.3182
2,10,0,0.3387
2,4,4,0.9758
2,18,0,0.3238
2,0,0,0.4484
2,13,13,0.5259
2,12,0,0.3761
2,0,0,0.7142
2,0,0,0.2935
2,14,14,0.464
2,5,0,0.298
2,0,0,0.4904
2,8,0,0.258
2,7,0,0.4357
2,0,0,0.616
2,0,15,0.8057
2,14,14,0.4363
2,11,0,0.4584
2,1,1,0.4067
2,0,0,0.3607
2,0,0,0.3298
2,0,0,0.2704
2,17,17,0.9257
2,0,0,0.3143
2,0,0,0.4958
2,18,18,0.4937
2,12,12,0.6018
2,0,0,0.3686
2,0,14,0.6538
2,14,14,0.5248
2,0,0,0.3924
2,0,0,0.2728
2,0,0,0.3241
2,3,0,0.2703
2,0,0,0.5022
2,0,0,0.3644
2,6,0,0.8422
2,1,1,0.5427
2,0,0,0.3021
2,18,0,0.3419
2,12,0,0.3078
2,0,0,0.7665
2,8,0,0.3658
2,3,0,0.3579
2,10,0,0.3601
2,0,0,0.1978
2,0,0,0.2603
2,0,0,0.4001
2,0,14,0.5922
2,1,1,0.4701
2,5,0,0.3923
2,18,14,0.8137
2,0,0,0.6736
2,0,0,0.3065
2,0,0,0.3368
2,0,0,0.3773
2,3,0,0.4708
2,0,0,0.5002
2,0,0,0.8321
2,0,0,0.5658
2,12,0,0.3549
2,14,14,0.5741
2,0,14,0.7938
2,19,0,0.4811
2,5,11,0.5286
2,6,0,0.438
2,12,0,0.3547
2,2,2,0.4082
2,0,16,0.9677
2,5,0,0.3646
2,0,0,0.3065
2,0,0,0.3061
2,5,0,0.2646
2,8,0,0.5315
2,14,0,0.3246
2,11,11,0.7139
2,3,3,0.8362
2,0,0,0.5427
2,0,0,0.378
2,0,0,0.4843
2,0,0,0.3554
2,4,4,0.6147
2,0,0,0.3384
2,11,0,0.3544
2,11,11,0.4378
2,0,0,0.3403
2,0,0,0.3054
2,0,0,0.3218
2,6,0,0.4355
2,0,0,0.4178
2,0,0,0.3164
2,0,0,0.5144
2,0,0,0.7833
2,0,0,0.3267
2,16,16,0.9857
2,0,0,0.3174
2,0,0,0.5977
2,17,17,0.7166
2,0,0,0.3245
2,9,9,0.5457
2,19,0,0.4515
2,16,0,0.2944
2,0,0,0.3725
2,0,0,0.3799
2,2,2,0.5184
2,1,1,0.5271
2,0,18,0.9384
2,14,14,0.46
2,0,0,0.2915
2,7,0,0.4025
2,3,0,0.3667
2,0,0,0.3141
2,0,0,0.5186
2,6,0,0.4539
2,11,0,0.5767
2,16,16,0.6903
2,0,0,0.3301
2,14,14,0.4577
2,0,0,0.529
2,0,0,0.3021
2,0,0,0.2511
2,11,11,0.5746
2,0,0,0.2623
2,17,0,0.2706
2,0,0,0.3384
2,13,13,0.5933
2,7,0,0.5368
2,1,1,0.4887
2,8,0,0.4161
2,0,0,0.4423
2,9,9,0.6339
2,0,0,0.6482
2,0,0,0.3602
2,16,0,0.3623
2,0,0,0.6958
2,0,0,0.6861
2,16,0,0.7042
2,13,13,0.5205
2,0,0,0.4272
2,10,10,0.6136
2,16,18,1.3294
2,7,0,0.448
2,14,0,0.3284
2,10,10,0.6285
2,1,1,0.6891
2,8,0,0.278
2,0,0,0.2682
2,13,13,0.7321
2,0,0,0.3327
2,9,10,0.5544
2,9,9,0.4652
2,15,15,0.5207
2,4,4,0.5302
2,14,14,0.7376
2,0,0,0.9506
2,0,0,0.2924
2,13,13,0.7275
2,17,0,0.4439
2,4,4,0.6749
2,0,0,0.3068
2,1,1,0.7046
2,0,0,0.2524
2,0,0,0.2943
2,0,0,0.6343
2,6,0,0.4761
2,0,0,0.6758
2,6,0,0.2998
2,13,0,0.2903
2,12,0,0.6837
2,13,13,0.4895
2,9,0,0.546
2,2,2,0.4623
2,18,0,0.3105
2,3,0,0.3486
2,17,1,0.6999
2,0,0,0.4023
2,19,0,0.4206
2,7,0,0.3
2,0,0,0.356
2,0,0,1.266
2,0,0,0.4865
2,0,1,0.6163
2,17,4,0.7382
2,19,0,0.2819
2,12,0,0.296
3,0,0,0.4127
3,13,13,0.7809
3,0,0,0.3729
3,0,0,0.3428
3,0,0,0.2948
3,11,0,0.5221
3,8,1,0.9443
3,11,11,0.7537
3,0,0,0.4298
3,2,2,0.487
3,9,9,0.594
3,0,0,0.4585
3,0,0,0.3743
3,0,0,0.654
3,0,0,0.4249
3,16,16,0.5721
3,18,0,0.46
3,0,0,0.406
3,0,0,0.3699
3,0,4,1.0016
3,5,5,0.8735
3,0,0,0.7817
3,0,0,0.5956
3,0,0,0.3861
3,0,0,0.3401
3,3,5,0.6847
3,19,0,0.5283
3,10,10,0.464
3,0,0,0.3966
3,3,3,0.8361
3,18,0,0.3608
3,0,0,0.6397
3,0,0,0.9744
3,0,0,0.3025
3,15,15,0.4981
3,0,0,0.3757
3,13,13,0.6284
3,0,0,0.3301
3,0,0,0.3118
3,2,2,0.5163
3,0,0,0.3412
3,0,0,0.5307
3,6,6,0.5189
3,12,12,0.6803
3,0,0,0.4286
3,0,0,0.3063
3,9,9,0.5486
3,11,11,0.4616
3,0,0,0.41
3,7,0,0.4063
3,15,15,0.5715
3,0,0,0.3768
3,0,0,0.4658
3,1,1,0.5119
3,13,13,0.642
3,8,0,0.5853
3,1,1,0.4949
3,1,1,0.5586
3,10,10,0.6121
3,15,0,0.51
3,13,1,0.4683
3,0,0,0.2696
3,4,0,0.2832
3,0,0,0.3962
3,1,1,0.4507
3,9,9,0.5174
3,0,0,0.3711
3,10,10,0.6201
3,6,0,0.5148
3,8,8,0.6465
3,1,1,0.6224
3,0,0,0.6398
3,6,0,0.2898
3,0,0,0.426
3,0,0,0.4562
3,16,16,0.6139
3,1,1,0.5418
3,0,0,0.6985
3,0,0,0.3189
3,0,0,0.3092
3,0,0,0.65
3,0,0,0.334
3,0,0,0.3443
3,0,17,1.0957
3,0,0,0.3241
3,2,2,0.6444
3,0,0,1.0408
3,19,19,1.154
3,14,14,0.6044
3,0,0,0.3521
3,12,0,0.8467
3,0,0,0.4592
3,0,0,0.651
3,0,5,0.93
3,0,0,0.37
3,0,0,0.3464
3,14,14,0.6718
3,15,15,0.9687
3,0,0,0.4086
3,17,17,0.6841
3,14,0,0.4412
3,7,0,0.7059
3,5,0,0.4041
3,0,0,0.4524
3,0,9,1.3472
3,0,0,0.4469
3,4,3,0.8087
3,5,0,0.5082
3,13,0,0.3859
3,0,0,0.3944
3,0,17,2.0033
3,0,3,0.669
3,0,0,0.4839
3,0,0,0.5548
3,6,0,0.418
3,3,3,0.6981
3,0,0,1.5701
3,0,0,0.465
3,13,13,0.5788
3,0,0,0.6903
3,1,0,0.3685
3,0,0,0.4524
3,14,0,0.4043
3,3,0,0.4542
3,10,0,0.4158
3,0,0,0.4738
3,1,0,0.4504
3,0,14,0.5506
3,9,9,0.6606
3,0,0,0.7142
3,0,12,0.6339
3,19,19,0.6398
3,0,0,0.3367
3,19,0,0.4163
3,0,19,0.6359
3,0,0,0.3657
3,15,0,0.3143
3,0,0,0.5577
3,0,0,0.9823
3,12,0,0.3864
3,0,0,0.2969
3,0,0,0.4381
3,2,2,0.454
3,11,11,0.6056
3,11,11,0.6946
3,5,0,0.2898
3,0,0,0.3201
3,11,11,0.5258
3,0,0,0.3425
3,3,0,0.2799
3,0,0,0.3886
3,4,4,0.6626
3,0,0,0.339
3,0,0,0.3287
3,5,0,0.3486
3,2,0,0.5422
3,0,0,0.3123
3,4,0,0.3527
3,19,0,0.3262
3,17,17,0.5088
3,10,10,0.7147
3,0,0,0.3457
3,0,0,0.4678
3,9,9,0.4789
3,4,4,0.5783
3,0,0,0.3165
3,0,0,0.3503
3,0,0,0.3219
3,0,0,0.3457
3,0,0,0.5401
3,0,0,0.3728
3,11,11,0.7157
3,9,9,0.7683
3,2,2,0.6663
3,9,9,0.512
3,0,0,0.382
3,4,4,0.7297
3,16,16,0.6749
3,13,13,0.8771
3,0,0,0.3943
3,18,18,0.6064
3,0,0,0.3681
3,0,19,0.7319
3,7,0,0.4241
3,0,0,0.3958
3,0,0,0.312
3,11,0,0.3344
3,12,0,0.3702
3,0,17,0.874
3,0,0,0.3602
3,0,0,0.4319
3,11,11,0.6
3,3,0,0.3045
3,0,0,0.4545
3,5,0,0.4984
3,13,13,0.7441
3,4,0,0.5857
3,0,0,0.3848
3,0,0,0.5763
3,0,18,0.8346
3,0,0,0.356
3,2,2,0.52
3,0,0,0.5664
3,17,0,0.4204
3,0,16,0.7123
3,5,0,0.7142
3,6,0,0.3624
3,1,0,0.344
3,0,0,0.4006
3,0,0,0.3326
3,3,3,0.7776
3,0,0,0.3586
3,1,1,0.4483
3,0,0,0.3941
3,0,0,0.3003
3,0,0,0.3237
3,7,0,0.3065
3,0,0,0.3649
3,19,0,0.3767
3,1,1,0.5166
3,0,0,0.2882
3,16,0,0.3084
3,3,0,0.3441
3,0,2,0.704
3,7,0,0.3266
3,1,1,0.5576
3,9,9,0.6023
3,0,0,0.6561
3,0,0,0.4144
3,0,0,0.3602
3,0,0,0.3942
3,0,0,0.3608
3,0,0,0.3867
3,14,0,0.2943
3,19,19,0.6368
3,0,0,0.315
3,0,0,0.3122
3,0,0,0.2924
3,0,0,0.3621
3,0,0,0.2787
3,8,0,0.4145
3,0,17,0.7262
3,7,7,0.779
3,0,0,0.3683
3,17,0,0.438
3,17,0,0.5746
3,0,0,0.6864
3,0,0,0.5504
3,12,0,0.4468
3,0,9,1.0776
3,0,18,1.1542
3,0,0,0.4151
3,0,0,0.3661
3,0,0,0.3279
3,0,10,0.6847
3,12,0,0.3161
3,11,0,0.6322
3,11,11,0.5218
3,0,0,0.387
3,0,0,0.4801
3,0,0,0.5008
3,12,12,0.8325
3,0,0,0.5269
3,13,13,0.8537
3,6,0,0.5399
3,0,9,1.2351
3,12,0,0.4922
3,0,0,0.4143
3,8,6,0.5841
3,10,10,0.6675
3,0,0,0.4636
3,3,0,0.41
3,0,0,0.3725
3,16,0,0.466
3,0,0,0.316
3,3,0,0.4844
3,0,0,0.4265
3,0,0,0.4479
3,14,14,0.5556
3,0,6,0.8383
3,17,0,0.744
3,13,0,0.4082
3,14,14,0.457
3,15,15,0.4284
3,7,0,0.3804
3,17,0,0.3203
3,0,0,0.3484
3,4,0,0.4189
3,15,15,0.4208
3,0,0,0.2824
3,0,0,0.2901
3,0,0,0.4799
3,0,0,0.3302
3,0,0,0.5102
3,11,11,0.6606
3,17,0,0.3788
3,0,0,0.3846
3,5,0,0.5405
3,0,0,0.8108
3,0,5,0.7317
3,9,9,0.7513
3,4,0,0.2997
3,0,0,0.3464
3,0,0,0.3526
3,1,0,0.352
3,4,0,0.3981
3,13,0,0.4763
3,16,0,0.6663
3,0,0,0.2954
3,4,0,0.3342
3,3,3,0.6086
3,9,0,0.3643
3,12,0,0.4703
3,0,0,0.546
3,0,0,0.3742
3,18,18,0.7102
3,0,0,0.3903
3,8,8,0.8066
3,15,15,0.485
3,11,11,0.5343
3,0,0,0.4004
3,19,19,0.6926
3,7,0,0.3186
3,16,0,0.3082
3,9,9,0.4806
3,10,10,0.496
3,0,0,0.2845
3,0,0,0.5303
3,0,0,0.3605
3,0,0,0.3577
3,10,0,0.3864
3,0,18,1.1052
3,12,0,0.4567
3,6,6,0.7245
3,6,0,1.8619
3,0,0,0.4358
3,0,10,0.784
3,0,0,0.6222
3,0,0,0.393
3,10,10,0.6206
3,3,0,0.3961
3,10,10,0.4482
3,5,0,0.5344
3,13,13,0.5218
3,17,0,0.521
3,14,14,0.4897
3,12,0,0.3144
3,0,0,0.2958
3,3,3,0.696
3,18,0,0.2967
3,14,14,0.5681
3,0,0,0.3145
3,0,0,0.3384
3,0,0,0.3826
3,9,9,0.5291
3,0,0,0.3263
3,4,0,0.5248
3,16,16,0.7265
3,0,0,0.3425
3,0,0,0.3359
3,11,11,0.4586
3,7,0,0.4322
3,0,0,0.5364
3,0,0,0.3209
3,15,15,0.5385
3,0,1,0.5086
3,10,10,0.4853
3,15,15,0.4495
3,9,0,0.6802
3,0,0,0.4402
3,0,0,0.3705
3,0,0,0.3979
3,19,0,0.3327
3,0,0,0.3258
3,19,3,0.7944
3,0,0,0.3286
3,0,0,0.3202
3,0,4,0.7743
3,0,13,0.6999
3,0,0,0.4936
3,0,0,0.6652
3,8,6,0.8014
3,11,11,0.3853
3,0,0,0.3488
3,13,0,0.3528
3,0,0,0.3781
3,0,4,0.6346
3,18,18,0.5031
3,5,0,0.4448
3,5,0,0.4746
3,0,0,0.4144
3,0,18,0.5661
3,0,0,0.5324
3,0,4,0.8226
3,6,0,0.3312
3,0,0,0.4005
3,0,0,0.36
3,0,0,0.3412
3,0,0,0.3543
3,0,0,0.4219
3,0,0,0.4617
3,6,0,0.4019
3,0,0,0.42
3,4,4,0.7977
3,11,11,0.4365
3,0,0,0.3242
3,10,10,0.6152
3,13,13,0.8283
3,6,0,0.556
3,18,0,0.3938
3,13,13,0.8318
3,0,0,0.3502
3,0,0,0.7916
3,9,0,0.3902
3,8,0,0.4167
3,0,0,0.3486
3,14,14,0.4801
3,3,0,0.3564
3,17,19,0.6146
3,0,0,0.5291
3,0,0,0.3399
3,0,0,0.2758
3,0,0,0.3117
3,14,14,0.5759
3,18,18,0.6218
3,0,0,0.4022
3,18,18,0.6947
3,13,13,0.5447
3,0,0,0.3637
3,6,0,0.3509
3,3,0,0.3927
3,2,2,0.6298
3,0,19,0.7223
3,8,0,0.3038
3,0,18,0.6721
3,5,0,0.3889
3,0,0,0.2989
3,0,0,0.298
3,0,0,0.2873
3,6,0,0.5781
3,15,15,0.53
3,8,0,0.3025
3,3,3,0.5621
3,0,0,0.365
3,13,13,0.6667
3,12,12,0.5134
3,8,8,0.6922
3,6,0,0.4029
3,0,0,0.366
3,16,16,0.6262
3,0,0,0.3564
3,6,0,0.3166
3,0,18,0.883
3,4,0,0.3182
3,0,0,0.321
3,4,0,0.5275
3,0,0,0.3367
3,16,0,0.3748
3,3,0,0.3625
3,0,0,0.4424
3,1,1,0.6293
3,0,0,0.264
3,15,0,0.3623
3,11,11,0.5484
3,0,3,0.6363
3,2,2,0.5531
3,0,0,0.3159
3,11,11,0.4668
3,0,0,0.3263
3,12,12,0.6004
3,0,0,0.3809
3,0,0,0.3962
3,0,0,0.2882
3,5,0,0.3078
3,0,0,0.3507
3,0,0,0.3379
3,0,0,0.4963
3,2,2,0.5431
3,17,0,0.3182
3,19,19,0.7048
3,3,3,0.7321
3,19,0,0.5405
3,11,11,0.72
3,1,6,0.6026
3,0,0,0.3048
3,0,0,0.3148
3,0,0,0.2883
3,0,0,0.3259
3,0,0,0.5923
3,0,0,0.3793
3,0,0,0.4523
3,0,0,0.4546
3,1,1,0.4797
3,13,0,0.3817
3,16,16,0.8131
3,18,18,0.804
3,0,0,0.6458
3,17,0,0.5114
3,6,0,0.382
3,16,16,0.6384
3,1,1,0.5676
3,10,0,0.3603
3,0,0,0.4403
3,4,4,0.6923
3,9,9,0.6658
3,0,0,0.3404
3,0,0,0.5283
3,0,0,0.5185
3,13,13,0.7624
3,0,0,0.3144
3,9,9,0.5037
3,0,0,0.5325
3,3,4,1.0134
3,0,0,0.9118
3,18,0,0.5503
3,0,0,0.3379
3,0,0,0.3647
3,16,16,0.6408
3,0,0,0.3024
3,2,2,0.5237
3,0,0,0.3238
3,2,0,0.3721
3,0,0,0.6077
3,0,0,0.3083
3,3,0,0.3401
3,0,0,0.5377
3,11,11,0.4941
3,0,0,0.3045
3,1,1,0.4568
3,7,0,0.6398
3,14,14,0.4207
3,12,12,0.5147
3,0,0,0.3188
3,2,2,0.6283
3,7,0,0.3058
3,0,0,0.4101
3,10,10,0.5001
3,0,0,0.4645
3,5,0,0.4805
3,0,0,0.3401
3,12,12,0.5243
3,8,8,0.5086
3,0,0,0.3502
3,0,0,0.3523
3,0,0,0.3319
3,0,0,0.4797
3,0,0,0.3808
3,0,0,0.3528
3,8,0,0.395
3,0,2,0.782
3,6,2,0.7268
3,11,11,0.5109
3,13,13,0.4872
3,11,0,0.5338
3,0,0,0.2913
3,13,0,0.3661
3,0,0,0.3903
3,17,0,0.2882
3,11,11,0.4863
3,4,0,0.3323
3,0,0,0.4542
3,11,11,0.6406
3,0,0,0.5719
3,0,0,0.3587
3,3,3,0.7566
3,7,0,0.4265
3,0,0,1.0477
3,9,9,0.6003
3,14,14,0.4826
3,0,0,0.3582
3,5,0,0.4104
3,17,17,0.784
3,1,1,0.4704
3,0,0,0.434
3,0,0,0.298
3,18,18,0.7354
3,0,0,0.4088
3,0,0,0.828
3,0,0,0.4805
3,0,0,0.5342
3,16,0,0.6816
3,7,0,0.4581
3,10,10,0.4872
3,0,0,0.3667
3,0,15,1.0325
3,19,19,0.6994
3,0,9,0.6142
3,0,0,0.3466
3,0,0,0.4481
3,2,2,0.5304
3,0,0,0.5124
3,0,0,0.3631
3,0,18,0.6021
3,0,4,0.6899
3,19,19,0.8436
3,19,0,0.4285
3,0,10,0.896
3,0,0,0.4109
3,0,0,0.2989
3,11,11,0.5436
3,0,0,0.731
3,0,0,0.2972
3,0,0,0.2986
3,0,0,0.2822
3,15,15,0.514
3,0,19,0.9782
3,0,0,0.4444
3,1,1,0.438
3,0,0,0.3001
3,1,1,0.4463
3,18,18,0.5852
3,0,0,0.3224
3,0,0,0.4088
3,18,16,0.7223
3,0,0,0.3487
3,5,15,0.5866
3,0,0,0.3145
3,9,9,0.6176
3,0,0,0.4528
3,0,0,0.2526
3,17,0,0.468
3,0,0,0.3086
3,0,17,1.2566
3,0,0,0.5743
3,10,0,0.2949
3,0,0,0.4501
3,0,0,0.3039
3,3,0,0.3505
3,0,0,0.5881
3,0,0,0.332
3,13,13,0.6385
3,0,0,0.3603
3,6,0,0.5304
3,0,0,0.5189
3,17,17,0.9384
3,0,0,0.3863
3,0,0,0.3808
3,0,18,0.6742
3,0,0,0.3405
3,0,0,0.3169
3,0,0,0.4904
3,19,19,0.5845
3,5,0,0.4323
3,14,14,0.4919
3,11,11,0.5202
3,0,0,0.3513
3,0,0,0.3188
3,11,11,0.5017
3,0,0,0.3206
3,0,0,0.359
3,5,0,0.5863
3,0,0,0.3071
3,10,10,0.5928
3,5,18,1.0138
3,0,0,0.4583
3,0,0,0.3043
3,6,0,0.4438
3,6,18,0.6013
3,0,0,0.2944
3,11,0,0.3763
3,0,0,0.3526
3,7,7,0.7778
3,8,0,0.2972
3,0,0,0.4241
3,0,0,0.3782
3,0,0,0.3401
3,0,0,0.3287
3,0,0,0.3586
3,13,13,0.7149
3,7,0,0.3226
3,0,0,0.2921
3,14,14,0.4823
3,6,0,0.5668
3,17,0,0.2909
3,2,2,0.6692
3,16,16,0.6519
3,0,0,0.4826
3,0,0,0.4965
3,3,3,0.5851
3,14,14,0.4708
3,18,0,0.7242
3,7,0,0.2708
3,8,0,0.2701
3,0,0,0.3771
3,8,0,0.2771
3,15,0,0.392
3,0,0,0.2822
3,0,0,0.3381
3,17,17,0.6221
3,17,0,0.329
3,15,15,0.4761
3,5,0,0.3524
3,0,0,0.2489
3,0,0,0.4562
3,1,1,0.3982
3,14,14,0.6118
3,18,0,0.3484
3,14,14,0.5465
3,11,11,0.5199
3,1,1,0.3905
3,19,19,0.7779
3,0,0,0.3898
3,11,11,0.385
3,3,0,0.4642
3,5,0,0.9405
3,0,0,0.3302
3,0,0,0.4768
3,15,15,0.5298
3,0,0,0.3199
3,0,0,0.3575
3,0,0,0.648
3,0,0,0.3364
3,0,6,0.7657
3,2,2,0.4785
3,1,1,0.4308
3,6,0,0.501
3,0,0,0.3913
3,11,11,0.706
3,0,0,0.3214
3,7,0,0.3284
3,10,10,0.4983
3,4,0,0.5253
3,12,12,0.6235
3,8,0,0.3043
3,0,0,0.3017
3,4,0,0.4439
3,0,0,0.5836
3,9,9,0.7307
3,0,0,0.9186
3,19,0,0.3102
3,0,0,0.3303
3,3,3,0.6837
3,16,0,0.3691
3,7,0,0.3403
3,6,0,0.3685
3,0,0,0.4605
3,0,18,0.5356
3,0,0,0.9762
3,0,0,0.5405
3,19,19,1.2458
3,8,0,0.3083
3,0,0,0.4343
3,13,0,0.2368
3,0,0,0.5079
3,5,0,0.4823
3,0,0,0.6763
3,16,16,0.6664
3,0,0,0.2806
3,18,18,0.682
3,16,16,0.5151
3,18,18,0.6612
3,0,0,0.4437
3,0,0,0.618
3,7,8,0.6001
3,9,9,0.4007
3,19,19,0.8522
3,8,8,0.7323
3,0,0,0.4447
3,0,0,0.3138
3,0,0,0.3408
3,5,0,0.4722
3,2,2,0.4994
3,6,0,0.3272
3,0,0,0.3502
3,19,0,0.3227
3,14,14,0.3706
3,0,0,0.3138
3,0,0,0.365
3,0,0,0.2674
3,14,14,0.4814
3,0,0,0.5482
3,17,0,0.322
3,2,2,0.4863
3,10,0,0.6081
3,0,0,0.457
3,0,0,0.3401
3,14,14,0.6562
3,0,19,0.7953
3,0,0,0.4514
3,11,11,0.524
3,0,0,0.3746
3,0,0,0.2886
3,0,0,0.6224
3,0,0,0.4446
3,0,0,0.3493
3,3,0,0.4564
3,0,0,1.1857
3,0,0,0.4274
3,0,0,0.4991
3,0,0,0.48
3,0,0,0.318
3,5,0,0.4164
3,4,10,0.5408
3,9,9,0.5806
3,11,11,0.4304
3,15,15,0.3645
3,8,0,0.565
3,1,1,0.4678
3,0,0,0.4372
3,0,0,0.4168
